maker,model,fuel,engine,price,inspection
Toyota,AQUA "X",34.3,1.49,2486000,100000
Toyota,AQUA "X" E-Four,30,1.49,2684000,100000
Toyota,AQUA "G",33.6,1.49,2654300,100000
Toyota,AQUA "G" E-Four,30,1.49,2852300,100000
Toyota,AQUA "Z",33.6,1.49,2824800,100000
Toyota,AQUA "Z" E-Four,30,1.49,3022800,100000
Toyota,YARIS "X",22,1.49,1470000,95000
Toyota,YARIS "G",22,1.49,1850000,95000
Toyota,YARIS "Z",35.4,1.49,2669700,95000
Toyota,YARIS "Z" E-Four,30.2,1.49,2884200,95000
Toyota,YARIS "Z" 2WD,20.3,1.49,2301200,95000
Toyota,YARIS "Z" 4WD,18.6,1.49,2515700,95000
Toyota,YARIS "Z" 6MT,19.1,1.49,2197800,95000
Toyota,YARIS CROSS "X",30.8,1.49,2510200,105000
Toyota,YARIS CROSS "X" E-Four,28.6,1.49,2757700,105000
Toyota,YARIS CROSS "X" 2WD,18.9,1.49,2126300,105000
Toyota,YARIS CROSS "X" 4WD,17.6,1.49,2373800,105000
Toyota,YARIS CROSS "G",30.2,1.49,2712600,105000
Toyota,YARIS CROSS "G" E-Four,28.1,1.49,2960100,105000
Toyota,YARIS CROSS "G" 2WD,18.8,1.49,2341900,105000
Toyota,YARIS CROSS "G" 4WD,17.6,1.49,2589400,105000
Toyota,YARIS CROSS "Z",27.8,1.49,2992000,105000
Toyota,YARIS CROSS "Z" E-Four,26,1.49,3239500,105000
Toyota,YARIS CROSS "Z" 2WD,17.9,1.49,2621300,105000
Toyota,YARIS CROSS "Z" 4WD,16.7,1.49,2984300,105000
Toyota,YARIS CROSS "Z Adventure",27.8,1.49,3107500,105000
Toyota,YARIS CROSS "Z Adventure" E-Four,26,1.49,3355000,105000
Toyota,YARIS CROSS "Z Adventure" 2WD,17.9,1.49,2736800,105000
Toyota,YARIS CROSS "Z Adventure" 4WD,16.7,1.49,2984300,105000
Toyota,RAIZE "X" 2WD,20.7,1.196,1800700,100000
Toyota,RAIZE "X" 4WD,17.4,0.996,2079000,100000
Toyota,RAIZE "G",28.0,1.196,2263800,100000
Toyota,RAIZE "G" 2WD,20.7,1.196,1958000,100000
Toyota,RAIZE "G" 4WD,17.4,0.996,2235200,100000
Toyota,RAIZE "Z",28.0,1.196,2442000,100000
Toyota,RAIZE "Z" 2WD,20.7,1.196,2152700,100000
Toyota,RAIZE "Z" 4WD,17.4,0.996,2413400,100000
Toyota,ROOMY "X" 2WD,18.4,0.996,1742400,95000
Toyota,ROOMY "X" 4WD,16.8,0.996,1918400,95000
Toyota,ROOMY "G" 2WD,18.4,0.996,1939300,95000
Toyota,ROOMY "G" 4WD,16.8,0.996,2115300,95000
Toyota,ROOMY "G-T",16.8,0.996,2065800,95000
Toyota,ROOMY "CUSTOM G" 2WD,18.4,0.996,2118600,95000
Toyota,ROOMY "CUSTOM G" 4WD,16.8,0.996,2294600,95000
Toyota,ROOMY "CUSTOM G-T",16.8,0.996,2257200,95000
Toyota,PIXIS EPOCH "B SA3" 2WD,25.0,0.658,992200,80000
Toyota,PIXIS EPOCH "B SA3" 4WD,23.2,0.658,1118700,80000
Toyota,PIXIS EPOCH "L SA3" 2WD,25.0,0.658,1025200,80000
Toyota,PIXIS EPOCH "L SA3" 4WD,23.2,0.658,1151700,80000
Toyota,PIXIS EPOCH "X SA3" 2WD,25.0,0.658,1179200,80000
Toyota,PIXIS EPOCH "X SA3" 4WD,23.2,0.658,1305700,80000
Toyota,PIXIS EPOCH "G SA3" 2WD,25.0,0.658,1320000,80000
Toyota,PIXIS EPOCH "G SA3" 4WD,23.2,0.658,1446500,80000
Toyota,COROLLA "X" 2WD,30.2,1.797,2279200,110000
Toyota,COROLLA "X" E-Four,28.1,1.797,2493700,110000
Toyota,COROLLA "G" 2WD,30.2,1.797,2681800,110000
Toyota,COROLLA "G" E-Four,28.1,1.797,2896300,110000
Toyota,COROLLA "W×B" 2WD,27.9,1.797,3077800,110000
Toyota,COROLLA "W×B" E-Four,25.3,1.797,3292300,110000
Toyota,COROLLA Touring "X" 2WD,29.5,1.797,2359500,110000
Toyota,COROLLA Touring "X" E-Four,27.8,1.797,2574000,110000
Toyota,COROLLA Touring "G" 2WD,29.3,1.797,2762100,110000
Toyota,COROLLA Touring "G" E-Four,27.5,1.797,2976600,110000
Toyota,COROLLA Touring "W×B" 2WD,27.3,1.797,3128400,110000
Toyota,COROLLA Touring "W×B" E-Four,24.9,1.797,3342900,110000
Toyota,COROLLA CROSS "G" 2WD,26.4,1.797,2760000,110000
Toyota,COROLLA CROSS "G" E-Four,24.6,1.797,3019000,110000
Toyota,COROLLA CROSS "S" 2WD,26.4,1.797,2980000,110000
Toyota,COROLLA CROSS "S" E-Four,24.6,1.797,3239000,110000
Toyota,COROLLA CROSS "Z" 2WD,26.4,1.797,3430000,110000
Toyota,COROLLA CROSS "Z" E-Four,24.6,1.797,3689000,110000
Toyota,COROLLA CROSS "GR SPORT",23.3,1.986,3895000,110000
Toyota,PRIUS "G" 2WD,28.6,1.986,3247300,110000
Toyota,PRIUS "G" E-Four,26.7,1.986,3447500,110000
Toyota,PRIUS "Z" 2WD,28.6,1.986,3870500,110000
Toyota,PRIUS "Z" E-Four,26.7,1.986,4070700,110000
Toyota,RAV4 "Z",22.5,2.487,4990000,120000
Toyota,RAV4 "Adventure",22.9,2.487,4500000,120000
Toyota,HARRIER "G",22.7,2.487,4301000,130000
Toyota,HARRIER "G" E-Four,22.0,2.487,4521000,130000
Toyota,HARRIER "G" 2WD,15.8,1.986,37103000,130000
Toyota,HARRIER "G" 4WD,15.0,1.986,3910500,130000
Toyota,HARRIER "Z",22.4,2.487,4770700,130000
Toyota,HARRIER "Z" E-Four,21.7,2.487,4990700,130000
Toyota,HARRIER "Z" 2WD,15.6,1.986,4180000,130000
Toyota,HARRIER "Z" 4WD,14.8,1.986,4700300,130000
Toyota,LAND CRUISER 70 "AX",10.1,2.754,4800000,180000
Toyota,LAND CRUISER 250 "GX",11.0,2.754,5200000,180000
Toyota,LAND CRUISER 250 "VX" Diesel,11.0,2.754,6300000,180000
Toyota,LAND CRUISER 250 "VX" Gasoline,7.5,2.693,5450000,180000
Toyota,LAND CRUISER 250 "ZX",11.0,2.754,7350000,180000
Toyota,LAND CRUISER 300 "GX",8.0,3.444,5252500,180000
Toyota,LAND CRUISER 300 "AX",8.0,3.444,5630900,180000
Toyota,LAND CRUISER 300 "VX",7.9,3.444,6436100,180000
Toyota,LAND CRUISER 300 "ZX" Diesel,9.7,3.345,7736300,180000
Toyota,LAND CRUISER 300 "ZX" Gasoline,7.9,3.444,7436000,180000
Toyota,LAND CRUISER 300 "GR SPORT" Diesel,9.7,3.345,8136700,180000
Toyota,LAND CRUISER 300 "GR SPORT" Gasoline,7.9,3.444,7836400,180000
Toyota,ALPHARD "X",18.9,2.487,5100000,150000
Toyota,ALPHARD "X" E-Four,17.5,2.487,5320000,150000
Toyota,ALPHARD "Z",18.6,2.487,6350000,150000
Toyota,ALPHARD "Z" E-Four,17.2,2.487,6570000,150000
Toyota,ALPHARD "Z" 2WD,10.9,2.493,5550000,150000
Toyota,ALPHARD "Z" 4WD,10.4,2.493,5748000,150000
Toyota,ALPHARD "Executive Lounge",17.5,2.487,8600000,150000
Toyota,ALPHARD "Executive Lounge" E-Four,16.5,2.487,8820000,150000
Toyota,ALPHARD "Executive Lounge PLUG-IN HYBRID",16.7,2.487,10650000,150000
Toyota,VELLFIRE "Z Premier",18.6,2.487,7050000,150000
Toyota,VELLFIRE "Z Premier" E-Four,17.2,2.487,7270000,150000
Toyota,VELLFIRE "Z Premier" 2WD,10.9,2.393,6700000,150000
Toyota,VELLFIRE "Z Premier" 4WD,10.4,2.393,6898000,150000
Toyota,VELLFIRE "Executive Lounge",17.5,2.487,8800000,150000
Toyota,VELLFIRE "Executive Lounge" E-Four,16.5,2.487,9020000,150000
Toyota,VELLFIRE "Executive Lounge PLUG-IN HYBRID",16.7,2.487,10850000,150000
Toyota,NOAH "X",23.4,1.797,3182300,120000
Toyota,NOAH "X" E-Four,22.0,1.797,3402300,120000
Toyota,NOAH "X" 2WD,15.0,1.986,2830300,120000
Toyota,NOAH "X" 4WD,14.2,1.986,3028300,120000
Toyota,NOAH "S-G",23.0,1.797,3545300,120000
Toyota,NOAH "S-G" E-Four,22.0,1.797,3765300,120000
Toyota,NOAH "S-G" 2WD,14.8,1.986,3195500,120000
Toyota,NOAH "S-G" 4WD,14.1,1.986,3293500,120000
Toyota,NOAH "S-Z",23.0,1.797,3929200,120000
Toyota,NOAH "S-Z" E-Four,22.0,1.797,4149200,120000
Toyota,NOAH "S-Z" 2WD,14.8,1.986,3579400,120000
Toyota,NOAH "S-Z" 4WD,14.1,1.986,3777400,120000
Toyota,VOXY "S-G",23.0,1.797,3595900,120000
Toyota,VOXY "S-G" E-Four,22.0,1.797,3815900,120000
Toyota,VOXY "S-G" 2WD,14.8,1.986,3246100,120000
Toyota,VOXY "S-G" 4WD,14.1,1.986,3444100,120000
Toyota,VOXY "S-Z",23.0,1.797,3999600,120000
Toyota,VOXY "S-Z" E-Four,22.0,1.797,4219600,120000
Toyota,VOXY "S-Z" 2WD,14.8,1.986,3649800,120000
Toyota,VOXY "S-Z" 4WD,14.1,1.986,3847800,120000
Toyota,SIENTA "X",28.0,1.490,2479400,105000
Toyota,SIENTA "X" E-Four,24.8,1.490,2677400,105000
Toyota,SIENTA "X" 2WD,18.3,1.490,2117500,105000
Toyota,SIENTA "G",27.6,1.490,2814900,105000
Toyota,SIENTA "G" E-Four,24.8,1.490,3012900,105000
Toyota,SIENTA "G" 2WD,18.3,1.490,2464000,105000
Toyota,SIENTA "Z",27.6,1.490,3124000,105000
Toyota,SIENTA "Z" E-Four,24.8,1.490,3322000,105000
Toyota,SIENTA "Z" 2WD,18.3,1.490,2773100,105000
Toyota,CROWN "Z",18.0,2.487,7300000,140000
Toyota,CROWN CROSSOVER "G",22.4,2.487,5150000,140000
Toyota,CROWN CROSSOVER "Z",22.2,2.487,5950000,140000
Toyota,CROWN CROSSOVER "RS",15.7,2.393,6700000,140000
Toyota,CROWN SPORT "G",21.3,2.487,5200000,145000
Toyota,CROWN SPORT "Z",21.3,2.487,5900000,145000
Toyota,CROWN ESTATE "Z",20.3,2.487,6350000,145000
Toyota,CENTURY,14.2,3.456,27000000,250000
Toyota,CENTURY SEDAN,11.2,4.968,23000000,250000
Toyota,GR YARIS "RZ" 6MT,12.4,1.618,4537200,110000
Toyota,GR YARIS "RZ" GR-DAT,10.8,1.618,4887200,110000
Toyota,GR YARIS "RZ High performance" 6MT,12.4,1.618,5037200,110000
Toyota,GR YARIS "RZ High performance" GR-DAT,10.8,1.618,5387200,110000
Toyota,GR YARIS "RZ High performance + Aero performance package" 6MT,12.4,1.618,5532200,110000
Toyota,GR YARIS "RZ High performance + Aero performance package" GR-DAT,10.8,1.618,5882200,110000
Toyota,GR86 "RC",12.0,2.387,2936000,120000
Toyota,GR86 "SZ" 6AT,11.8,2.387,3293000,120000
Toyota,GR86 "SZ" 6MT,12.0,2.387,3195000,120000
Toyota,GR86 "RZ" 6AT,11.7,2.387,3616000,120000
Toyota,GR86 "RZ" 6MT,11.9,2.387,3518000,120000
Toyota,GR COROLLA "R" 6MT,12.4,1.618,5680000,110000
Toyota,GR COROLLA "R" GR-DAT,10.4,1.618,5980000,110000
Toyota,SUPRA "SZ",14.5,1.998,4995000,140000
Toyota,SUPRA "SZ-R",14.0,1.998,6013000,140000
Toyota,SUPRA "RZ" 6MT,11.1,2.997,8000000,140000
Toyota,SUPRA "RZ" 8AT,12.2,2.997,8000000,140000
Lexus,LBX "Elegant" FF,28.0,1.490,4200000,110000
Lexus,LBX "Elegant" E-Four,26.4,1.490,4460000,110000
Lexus,LBX "Active" FF,27.7,1.490,4400000,110000
Lexus,LBX "Active" E-Four,26.2,1.490,4660000,110000
Lexus,LBX "Relax" FF,27.7,1.490,4600000,110000
Lexus,LBX "Relax" E-Four,26.2,1.490,4860000,110000
Lexus,LBX "Cool" FF,27.7,1.490,4600000,110000
Lexus,LBX "Cool" E-Four,26.2,1.490,4860000,110000
Lexus,LBX "Bespoke Build" FF,27.7,1.490,5500000,110000
Lexus,LBX "Bespoke Build" E-Four,26.2,1.490,5760000,110000
Lexus,UX 300h "version C" FWD,26.3,1.986,4903000,120000
Lexus,UX 300h "version C" AWD,25.2,1.986,5168000,120000
Lexus,UX 300h "F SPORT" FWD,24.7,1.986,5341000,120000
Lexus,UX 300h "F SPORT" AWD,23.4,1.986,5606000,120000
Lexus,UX 300h "version L" FWD,26.3,1.986,5492000,120000
Lexus,UX 300h "version L" AWD,25.0,1.986,5757000,120000
Lexus,NX 350 "OVERTRAIL",11.7,2.393,6506000,130000
Lexus,NX 350 "F SPORT",11.7,2.393,6306000,130000
Lexus,NX 350h "OVERTRAIL",20.1,2.487,6876000,135000
Lexus,NX 350h "F SPORT" FF,20.9,2.487,6406000,135000
Lexus,NX 350h "F SPORT" AWD,19.9,2.487,6676000,135000
Lexus,NX 350h "version L" FF,20.9,2.487,6376000,135000
Lexus,NX 350h "version L" AWD,19.9,2.487,6646000,135000
Lexus,NX 450h+ "OVERTRAIL",19.6,2.487,7725000,130000
Lexus,NX 450h+ "F SPORT",19.6,2.487,7585000,130000
Lexus,NX 450h+ "version L",19.6,2.487,7495000,135000
Lexus,RX 350 "F SPORT",11.2,2.393,7130000,140000
Lexus,RX 350 "version L" FF,11.8,2.393,6680000,140000
Lexus,RX 350 "version L" AWD,11.2,2.393,7090000,140000
Lexus,RX 350h "version L" FF,20.3,2.487,7600000,140000
Lexus,RX 350h "version L" AWD,18.7,2.487,8110000,140000
Lexus,RX 450h+ "version L",18.7,2.487,8870000,140000
Lexus,RX 500h "F SPORT Performance",14.3,2.393,9030000,140000
Lexus,GX 550 "OVERTRAIL+",8.1,3.444,11950000,160000
Lexus,GX 550 "version L",8.1,3.444,12700000,160000
Lexus,LX 600 "OVERTRAIL+",8.1,3.444,14900000,160000
Lexus,LX 600,8.0,3.444,14500000,160000
Lexus,LX 600 "EXECUTIVE",8.0,3.444,20000000,160000
Lexus,LX 700h "OVERTRAIL+",9.3,3.444,15900000,160000
Lexus,LX 700h,9.3,3.444,15900000,160000
Lexus,LX 700h "EXECUTIVE",9.3,3.444,21000000,160000
Lexus,IS 300h "version L",17.6,2.493,6100000,125000
Lexus,IS 300h "F SPORT Mode Black V",17.6,2.493,6750000,125000
Lexus,IS 300h "F SPORT",17.6,2.493,6350000,125000
Lexus,LS 500 "l package" FR,10.1,3.444,11110000,180000
Lexus,LS 500 "l package" AWD,9.5,3.444,11590000,180000
Lexus,LS 500 "F SPORT" FR,10.1,3.444,12330000,180000
Lexus,LS 500 "F SPORT" AWD,9.5,3.444,12810000,180000
Lexus,LS 500 "version L" FR,10.1,3.444,14110000,180000
Lexus,LS 500 "version L" AWD,9.5,3.444,14590000,180000
Lexus,LS 500 "EXECUTIVE" FR,10.1,3.444,15790000,180000
Lexus,LS 500 "EXECUTIVE" AWD,9.5,3.444,16270000,180000
Lexus,LS 500h "l package" FR,13.6,3.456,12570000,180000
Lexus,LS 500h "l package" AWD,12.5,3.456,13050000,180000
Lexus,LS 500h "F SPORT" FR,13.6,3.456,13790000,180000
Lexus,LS 500h "F SPORT" AWD,12.5,3.456,14270000,180000
Lexus,LS 500h "version L" FR,13.6,3.456,15570000,180000
Lexus,LS 500h "version L" AWD,12.5,3.456,16050000,180000
Lexus,LS 500h "EXECUTIVE" FR,13.6,3.456,17250000,180000
Lexus,LS 500h "EXECUTIVE" AWD,12.5,3.456,17730000,180000
Lexus,LC 500 "Convertible",8.0,4.968,15550000,200000
Lexus,LC 500 "L package",8.4,4.968,14100000,200000
Lexus,LC 500,8.4,4.968,14100000,200000
Lexus,LC 500 "S package",8.4,4.968,14930000,200000
Lexus,LC 500h "L package",14.4,3.456,14550000,200000
Lexus,LC 500h,14.4,3.456,14550000,200000
Lexus,LC 500h "S package",14.4,3.456,15380000,200000
Lexus,LM 500h "version L",13.8,2.393,15200000,150000
Lexus,LM 500h "EXECUTIVE",13.3,2.393,20300000,150000
Daihatsu,COPEN "Robe" CVT,19.2,0.658,1983300,85000
Daihatsu,COPEN "Robe" 5MT,18.6,0.658,2038300,85000
Daihatsu,COPEN "Robe S" CVT,19.2,0.658,2196700,85000
Daihatsu,COPEN "Robe S" 5MT,18.6,0.658,2251700,85000
Daihatsu,COPEN "Cero" CVT,19.2,0.658,2040500,85000
Daihatsu,COPEN "Cero" 5MT,18.6,0.658,2095500,85000
Daihatsu,COPEN "Cero S" CVT,19.2,0.658,2255000,85000
Daihatsu,COPEN "Cero S" 5MT,18.6,0.658,2310000,85000
Daihatsu,COPEN "GR SPORT" CVT,19.2,0.658,2501400,85000
Daihatsu,COPEN "GR SPORT" 5MT,18.6,0.658,2556400,85000
Daihatsu,MIRA e:S "B SA3" 2WD,35.2,0.658,992200,80000
Daihatsu,MIRA e:S "B SA3" 4WD,32.2,0.658,1118700,80000
Daihatsu,MIRA e:S "L SA3" 2WD,35.2,0.658,1025200,80000
Daihatsu,MIRA e:S "L SA3" 4WD,32.2,0.658,1151700,80000
Daihatsu,MIRA e:S "G SA3" 2WD,34.2,0.658,1179200,80000
Daihatsu,MIRA e:S "G SA3" 4WD,32.2,0.658,1305700,80000
Daihatsu,MIRA e:S "X SA3" 2WD,34.2,0.658,1320000,80000
Daihatsu,MIRA e:S "X SA3" 4WD,32.2,0.658,1446500,80000
Daihatsu,TAFT "X" 2WD,21.4,0.658,1419000,100000
Daihatsu,TAFT "X" 4WD,21.1,0.658,1545500,100000
Daihatsu,TAFT "X turbo" 2WD,21.3,0.658,1512500,100000
Daihatsu,TAFT "X turbo" 4WD,21.1,0.658,1639000,100000
Daihatsu,TAFT "G" 2WD,21.4,0.658,1606000,100000
Daihatsu,TAFT "G" 4WD,21.1,0.658,1732500,100000
Daihatsu,TAFT "G turbo" 2WD,21.3,0.658,1688500,100000
Daihatsu,TAFT "G turbo" 4WD,21.1,0.658,1815000,100000
Daihatsu,MOVE "L" 2WD,25.3,0.658,1358500,80000
Daihatsu,MOVE "L" 4WD,23.8,0.658,1485000,80000
Daihatsu,MOVE "X" 2WD,25.3,0.658,1490500,80000
Daihatsu,MOVE "X" 4WD,23.8,0.658,1617000,80000
Daihatsu,MOVE "G" 2WD,25.3,0.658,1716000,80000
Daihatsu,MOVE "G" 4WD,23.8,0.658,1842500,80000
Daihatsu,MOVE "RS" 2WD,24.3,0.658,1897500,80000
Daihatsu,MOVE "RS" 4WD,23.0,0.658,2024000,80000
Daihatsu,MOVE CANBUS "X" 2WD,25.7,0.658,1573000,80000
Daihatsu,MOVE CANBUS "X" 4WD,24.7,0.658,1699500,80000
Daihatsu,MOVE CANBUS "G" 2WD,25.7,0.658,1754500,80000
Daihatsu,MOVE CANBUS "G" 4WD,24.7,0.658,1881000,80000
Daihatsu,MOVE CANBUS "G turbo" 2WD,25.2,0.658,1881000,80000
Daihatsu,MOVE CANBUS "G turbo" 4WD,24.5,0.658,2007500,80000
Daihatsu,TANTO "L" 2WD,26.4,0.658,1485000,80000
Daihatsu,TANTO "L" 4WD,25.1,0.658,1611500,80000
Daihatsu,TANTO "X" 2WD,26.4,0.658,1617000,80000
Daihatsu,TANTO "X" 4WD,25.1,0.658,1738000,80000
Daihatsu,TANTO "X turbo" 2WD,24.3,0.658,1732500,80000
Daihatsu,TANTO "X turbo" 4WD,24.3,0.658,1853500,80000
Daihatsu,TANTO CUSTOM "X" 2WD,26.4,0.658,1870000,80000
Daihatsu,TANTO CUSTOM "X" 4WD,25.1,0.658,1991000,80000
Daihatsu,TANTO CUSTOM "RS" 2WD,24.3,0.658,1963500,80000
Daihatsu,TANTO CUSTOM "RS" 4WD,24.3,0.658,2084500,80000
Daihatsu,TANTO FUNCROSS 2WD,21.9,0.658,1809500,80000
Daihatsu,TANTO FUNCROSS 4WD,21.4,0.658,1930500,80000
Daihatsu,TANTO FUNCROSS TURBO 2WD,20.6,0.658,1903000,80000
Daihatsu,TANTO FUNCROSS TURBO 4WD,19.6,0.658,2024000,80000
Daihatsu,ROCKY "L" 2WD,20.7,1.196,1761100,100000
Daihatsu,ROCKY "L" 4WD,17.4,0.996,2038400,100000
Daihatsu,ROCKY "X" 2WD,20.7,1.196,1951400,100000
Daihatsu,ROCKY "X" 4WD,17.4,0.996,2187900,100000
Daihatsu,ROCKY "X HEV" 2WD,28.0,1.196,2216500,100000
Daihatsu,ROCKY "X HEV" 4WD,17.4,1.196,2253900,100000
Daihatsu,ROCKY "Premium G" 2WD,20.7,1.196,2171400,100000
Daihatsu,ROCKY "Premium G" 4WD,17.4,0.996,2432100,100000
Daihatsu,ROCKY "Premium G HEV" 2WD,28.0,1.196,2460700,100000
Daihatsu,ROCKY "Premium G HEV" 4WD,17.4,1.196,2481600,100000
Daihatsu,THOR "X" 2WD,18.4,0.996,1742400,100000
Daihatsu,THOR "X" 4WD,16.8,0.996,1918400,100000
Daihatsu,THOR "G" 2WD,18.4,0.996,1939300,100000
Daihatsu,THOR "G" 4WD,16.8,0.996,2115300,100000
Daihatsu,THOR "G" TURBO,16.8,0.996,2065800,100000
Daihatsu,THOR "CUSTOM G" 2WD,18.4,0.996,2118600,100000
Daihatsu,THOR "CUSTOM G" 4WD,16.8,0.996,2294600,100000
Daihatsu,THOR "CUSTOM G" TURBO,16.8,0.996,2257200,100000
Honda,N-BOX FF,21.6,0.658,1739100,80000
Honda,N-BOX 4WD,19.4,0.658,1872200,80000
Honda,N-BOX "Joy" FF,21.3,0,1982200,80000
Honda,N-BOX "Joy" 4WD,19.3,0.658,2115300,80000
Honda,N-BOX "Joy" TURBO FF,20.2,0.658,2191200,80000
Honda,N-BOX "Joy"  TURBO 4WD,18.4,0.658,2324300,80000
Honda,N-BOX "CUSTOM" FF,21.5,0.658,1923900,80000
Honda,N-BOX "CUSTOM" 4WD,19.4,0.658,2057000,80000
Honda,N-BOX "CUSTOM" turbo FF,20.3,0.658,2129600,80000
Honda,N-BOX "CUSTOM"  turbo 4WD,18.4,0.658,2262700,80000
Honda,N-WGN "L" FF,23.0,0.658,1576300,80000
Honda,N-WGN "L" 4WD,20.7,0.658,1721500,80000
Honda,N-WGN CUSTOM "L" FF,23.1,0.658,1794100,80000
Honda,N-WGN CUSTOM "L" 4WD,20.6,0.658,1939300,80000
Honda,N-WGN CUSTOM "L TURBO" FF,21.7,0.658,1912900,80000
Honda,N-WGN CUSTOM "L TURBO" 4WD,19.5,0.658,2058100,80000
Honda,N-ONE "Original" FF,23.2,0.658,1767700,80000
Honda,N-ONE "Original" 4WD,21.0,0.658,1912900,80000
Honda,N-ONE "Premium" FF,23.2,0.658,1966800,80000
Honda,N-ONE "Premium" 4WD,21.0,0.658,2112000,80000
Honda,N-ONE "RS",21.6,0.658,2278100,80000
Honda,N-ONE "Premium Tourer" FF,21.9,0.658,2173600,80000
Honda,N-ONE "Premium Tourer" 4WD,19.8,0.658,2318800,80000
Honda,N-VAN "G" FF(6MT),19.2,0.658,1498200,80000
Honda,N-VAN "G" 4WD(6MT),17.2,0.658,1643400,80000
Honda,N-VAN "G" FF,18.8,0.658,1498200,80000
Honda,N-VAN "G" 4WD,16.6,0.658,1643400,80000
Honda,N-VAN "L" FF,18.8,0.658,1648900,80000
Honda,N-VAN "L" 4WD,16.6,0.658,1794100,80000
Honda,N-VAN "FUN" FF(6MT),19.2,0.658,1900800,80000
Honda,N-VAN "FUN" 4WD(6MT),17.2,0.658,2046000,80000
Honda,N-VAN "FUN" FF,18.8,0.658,1900800,80000
Honda,N-VAN "FUN" 4WD,16.6,0.658,2046000,80000
Honda,N-VAN "FUN TURBO" FF,18.2,0.658,2024000,80000
Honda,N-VAN "FUN TURBO" 4WD,16.0,0.658,2169200,80000
Honda,N-VAN "FUN NATURE STYLE" FF,18.8,0.658,2000900,80000
Honda,N-VAN "FUN NATURE STYLE" 4WD,16.6,0.658,2146100,80000
Honda,N-VAN "FUN NATURE STYLE TURBO" FF,18.2,0.658,2124100,80000
Honda,N-VAN "FUN NATURE STYLE TURBO" 4WD,16.0,0.658,2269300,80000
Honda,FIT "BASIC" FF,18.7,1.496,1776500,100000
Honda,FIT "BASIC" 4WD,16.6,1.496,1985500,100000
Honda,FIT "e:HEV BASIC" FF,30.2,1.496,2208800,100000
Honda,FIT "e:HEV BASIC" 4WD,25.4,1.496,2417800,100000
Honda,FIT "HOME" FF,18.5,1.496,2050400,100000
Honda,FIT "HOME" 4WD,16.6,1.496,2258300,100000
Honda,FIT "e:HEV HOME" FF,29.0,1.496,2404500,100000
Honda,FIT "e:HEV HOME" 4WD,25.3,1.496,2615800,100000
Honda,FIT "RS" FF,17.9,1.496,2218700,100000
Honda,FIT "e:HEV RS" FF,27.2,1.496,2616900,100000
Honda,FIT "CROSSTAR" FF,17.6,1.496,2363900,100000
Honda,FIT "CROSSTAR" 4WD,16.1,1.496,2574000,100000
Honda,FIT "e:HEV CROSSTAR" FF,27.1,1.496,2710400,100000
Honda,FIT "e:HEV CROSSTAR" 4WD,24.2,1.496,2920500,100000
Honda,FIT "LUXE" FF,17.9,1.496,2370500,100000
Honda,FIT "LUXE" 4WD,16.0,1.496,2578400,100000
Honda,FIT "e:HEV LUXE" FF,27.6,1.496,2719200,100000
Honda,FIT "e:HEV LUXE" 4WD,23.5,1.496,2929300,100000
Honda,VEZEL "e:HEV X" FF,26.0,1.496,2998600,115000
Honda,VEZEL "e:HEV X" 4WD,21.5,1.496,3218600,115000
Honda,VEZEL "e:HEV Z" FF,25.3,1.496,3268100,115000
Honda,VEZEL "e:HEV Z" 4WD,21.3,1.496,3488100,115000
Honda,VEZEL "e:HEV RS" FF,25.4,1.496,3748800,115000
Honda,VEZEL "e:HEV RS" 4WD,21.4,1.496,3968800,115000
Honda,VEZEL "G" 4WD,15.0,1.496,2758800,115000
Honda,CR-V "e:HEV RS" FF,19.8,1.993,5122700,115000
Honda,CR-V "e:HEV RS" 4WD,18.2,1.993,5392200,115000
Honda,CR-V "e:HEV RS BLACK EDITION",18.0,1.993,5779400,115000
Honda,ZR-V "e:HEV X" FF,22.1,1.993,3707000,115000
Honda,ZR-V "e:HEV X" 4WD,20.8,1.993,3927000,115000
Honda,ZR-V "e:HEV Z" FF,22.0,1.993,4307600,115000
Honda,ZR-V "e:HEV Z" 4WD,20.5,1.993,4527600,115000
Honda,ZR-V "e:HEV Z BLACK STYLE" FF,22.0,1.993,4479200,115000
Honda,ZR-V "e:HEV Z BLACK STYLE" 4WD,20.5,1.993,4677200,115000
Honda,ZR-V "e:HEV Z CROSS TOURING" FF,22.0,1.993,4529800,115000
Honda,ZR-V "e:HEV Z CROSS TOURING" 4WD,20.5,1.993,4727800,115000
Honda,WR-V "X",16.4,1.496,2149400,115000
Honda,WR-V "Z",16.2,1.496,2398000,115000
Honda,WR-V "Z BLACK STYLE",16.2,1.496,2483800,115000
Honda,WR-V "Z+",16.2,1.496,2549800,115000
Honda,WR-V "Z+ BLACK STYLE",16.2,1.496,2580600,115000
Honda,FREED "AIR" FF,16.5,1.496,2623500,110000
Honda,FREED "AIR" 4WD,14.5,1.496,2854500,110000
Honda,FREED "AIR EX" FF,16.4,1.496,2812700,110000
Honda,FREED "AIR EX" 4WD,14.4,1.496,3043700,110000
Honda,FREED "CROSSATR" FF,16.4,1.496,2928200,110000
Honda,FREED "CROSSTAR" 4WD,14.4,1.496,3159200,110000
Honda,FREED "e:HEV AIR" FF,25.6,1.496,3022800,110000
Honda,FREED "e:HEV AIR" 4WD,21.3,1.496,3253800,110000
Honda,FREED "e:HEV AIR EX" FF,25.4,1.496,3212000,110000
Honda,FREED "e:HEV AIR EX" 4WD,21.2,1.496,3443000,110000
Honda,FREED "e:HEV CROSSATR" FF,125.5,1.496,3327500,110000
Honda,FREED "e:HEV CROSSTAR" 4WD,21.3,1.496,3558500,110000
Honda,STEP WGN "AIR",13.2,1.496,3348400,115000
Honda,STEP WGN "AIR EX" FF,13.1,1.496,3543100,115000
Honda,STEP WGN "AIR EX" 4WD,12.2,1.496,3763100,115000
Honda,STEP WGN "SPADA" FF,12.9,1.496,3603600,115000
Honda,STEP WGN "SPADA" 4WD,12.1,1.496,3823600,115000
Honda,STEP WGN "SPADA PREMIUM LINE" FF,12.5,1.496,3873100,115000
Honda,STEP WGN "SPADA PREMIUM LINE" 4WD,12.1,1.496,4063400,115000
Honda,STEP WGN "e:HEV AIR EX",19.8,1.993,3938000,115000
Honda,STEP WGN "e:HEV SPADA",19.6,1.993,3998500,115000
Honda,STEP WGN "e:HEV SPADA PREMIUM LINE",19.5,1.993,4268000,115000
Honda,STEP WGN "e:HEV SPADA PREMIUM LINE BLACK EDITION",19.5,1.993,4406600,115000
Honda,ODYSSEY "e:HEV ABSOLUTE",19.9,1.993,5086400,115000
Honda,ODYSSEY "e:HEV ABSOLUTE EX",19.6,1.993,5286600,115000
Honda,ODYSSEY "e:HEV ABSOLUTE EX BLACK EDITION",19.6,1.993,5450500,115000
Honda,ACCORD "e:HEV",23.8,1.993,5599000,130000
Honda,ACCORD "e:HEV Honda SENSING 360+",23.8,1.993,5999400,130000
Honda,CIVIC "LX",15.7,1.496,3544200,110000
Honda,CIVIC "EX",15.7,1.496,3894000,110000
Honda,CIVIC "RS",15.3,1.496,4398900,110000
Honda,CIVIC "e:HEV LX",24.2,1.993,4094200,110000
Honda,CIVIC "e:HEV EX",24.2,1.993,4403300,110000
Honda,CIVIC TYPE R,12.5,1.995,4997300,110000
Honda,CIVIC TYPE R "RACING BLACK Packeage",12.5,1.995,6179800,110000
Nissan,NOTE "X",28.4,1.198,2328700,105000
Nissan,NOTE "X FOUR",23.8,1.198,2614700,105000
Nissan,NOTE "AUTECH LINE",27.6,1.198,2438700,105000
Nissan,NOTE "AUTECH LINE FOUR",23.0,1.198,2724700,105000
Nissan,AURA "G",27.2,1.198,2821500,105000
Nissan,AURA "G FOUR",22.7,1.198,3107500,105000
Nissan,AURA "G FOUR leather edition",22.7,1.198,3198800,105000
Nissan,AURA "NISMO",23.3,1.198,3125100,105000
Nissan,X-TRAIL "S",19.4,1.497,3843400,115000
Nissan,X-TRAIL "S e-4ORCE",18.1,1.497,4038100,115000
Nissan,X-TRAIL "X",19.4,1.497,4049100,115000
Nissan,X-TRAIL "X e-4ORCE",18.1,1.497,4349400,115000
Nissan,X-TRAIL "G",19.4,1.497,4646400,115000
Nissan,X-TRAIL "G e-4ORCE",18.1,1.497,4946700,115000
Nissan,KICKS "X",23.0,1.198,3083300,105000
Nissan,KICKS "X FOUR",19.2,1.198,3346200,105000
Nissan,KICKS "X Two-Tone Interior Edition",23.0,1.198,3218600,105000
Nissan,KICKS "X Two-Tone Interior Edition FOUR",19.2,1.198,3481500,105000
Nissan,FAIRLADY Z (6MT),9.5,2.997,5497800,150000
Nissan,FAIRLADY Z "version S" (6MT),9.5,2.997,6347000,150000
Nissan,FAIRLADY Z "version ST" (6MT),9.5,2.997,6759500,150000
Nissan,FAIRLADY Z,10.2,2.997,5497800,150000
Nissan,FAIRLADY Z "version T",10.2,2.997,5959800,150000
Nissan,FAIRLADY Z "version ST",10.2,2.997,6759500,150000
Nissan,FAIRLADY Z "NISMO",9.2,2.997,9352200,150000
Nissan,ROOX "S" 2WD,21.0,0.659,1672000,80000
Nissan,ROOX "S" 4WD,18.8,0.659,1822700,80000
Nissan,ROOX "X" 2WD,21.0,0.659,1739100,80000
Nissan,ROOX "X" 4WD,18.8,0.659,1889800,80000
Nissan,ROOX "Highway STAR X" 2WD,21.0,0.659,1919500,80000
Nissan,ROOX "Highway STAR X" 4WD,18.8,0.659,2033900,80000
Nissan,ROOX "Highway STAR X ProPILOT Edition" 2WD,21.0,0.659,1919500,80000
Nissan,ROOX "Highway STAR X ProPILOT Edition" 4WD,18.8,0.659,2033900,80000
Nissan,ROOX "Highway STAR G TURBO" 2WD,19.3,0.659,2159300,80000
Nissan,ROOX "Highway STAR G TURBO" 4WD,17.4,0.659,2273700,80000
Nissan,ROOX "Highway STAR G TURBO ProPILOT Edition" 2WD,19.3,0.659,2249500,80000
Nissan,ROOX "Highway STAR G TURBO ProPILOT Edition" 4WD,17.4,0.659,2363900,80000
Nissan,DAYZ "S" 2WD,23.2,0.659,1437700,80000
Nissan,DAYZ "S" 4WD,21.0,0.659,1588400,80000
Nissan,DAYZ "X" 2WD,23.2,0.659,1478400,80000
Nissan,DAYZ "X" 4WD,21.0,0.659,1629100,80000
Nissan,DAYZ "Highway STAR X" 2WD,23.3,0.659,1698400,80000
Nissan,DAYZ "Highway STAR X" 4WD,21.1,0.659,1849100,80000
Nissan,DAYZ "Highway STAR X ProPILOT Edition" 2WD,23.3,0.659,1798500,80000
Nissan,DAYZ "Highway STAR X ProPILOT Edition" 4WD,21.1,0.659,1949200,80000
Nissan,DAYZ "Highway STAR G TURBO" 2WD,21.5,0.659,1838100,80000
Nissan,DAYZ "Highway STAR G TURBO" 4WD,19.4,0.659,1988800,80000
Nissan,DAYZ "Highway STAR G TURBO ProPILOT Edition" 2WD,21.5,0.659,1929400,80000
Nissan,DAYZ "Highway STAR G TURBO ProPILOT Edition" 4WD,19.4,0.659,2080100,80000
Nissan,DAYZ "Highway STAR X Urban CHROME" 2WD,23.3,0.659,1764400,80000
Nissan,DAYZ "Highway STAR X Urban CHROME" 4WD,21.1,0.659,1915100,80000
Nissan,DAYZ "Highway STAR X Urban CHROME ProPILOT Edition" 2WD,23.3,0.659,1864500,80000
Nissan,DAYZ "Highway STAR X Urban CHROME ProPILOT Edition" 4WD,21.1,0.659,2015200,80000
Nissan,DAYZ "Highway STAR G TURBO Urban CHROME" 2WD,21.5,0.659,1915100,80000
Nissan,DAYZ "Highway STAR G TURBO Urban CHROME" 4WD,19.4,0.659,2065800,80000
Nissan,DAYZ "Highway STAR G TURBO Urban CHROME ProPILOT Edition" 2WD,21.5,0.659,2006400,80000
Nissan,DAYZ "Highway STAR G TURBO Urban CHROME ProPILOT Edition" 4WD,19.4,0.659,2157100,80000
Nissan,DAYZ "Bolero" 2WD,23.2,0.659,1600500,80000
Nissan,DAYZ "Bolero" 4WD,21.0,0.659,1751200,80000
Nissan,CLIPPER RIO "E" 2WD,15.1,0.658,1953600,80000
Nissan,CLIPPER RIO "E" 4WD,15.1,0.658,2107600,80000
Nissan,CLIPPER RIO "G" 2WD,15.1,0.658,2027300,80000
Nissan,CLIPPER RIO "G" 4WD,15.1,0.658,2181300,80000
Nissan,ELGRAND "250 Highway STAR S" 2WD,10.0,2.488,4082100,160000
Nissan,ELGRAND "250 Highway STAR S" 4WD,9.7,2.488,4381300,160000
Nissan,ELGRAND "250 Highway STAR Premium" 2WD,10.0,2.488,4841100,160000
Nissan,ELGRAND "250 Highway STAR Premium" 4WD,9.7,2.488,5141400,160000
Nissan,ELGRAND "250 Highway STAR S Urban CHROME" 2WD,10.0,2.488,4395600,160000
Nissan,ELGRAND "250 Highway STAR S Urban CHROME" 4WD,9.7,2.488,4694800,160000
Nissan,ELGRAND "250 Highway STAR Premium Urban CHROME" 2WD,10.0,2.488,5077600,160000
Nissan,ELGRAND "250 Highway STAR Premium Urban CHROME" 4WD,9.7,2.488,5377900,160000
Nissan,ELGRAND "350 Highway STAR" 2WD,8.7,3.498,4871900,160000
Nissan,ELGRAND "350 Highway STAR" 4WD,8.4,3.498,5161200,160000
Nissan,ELGRAND "350 Highway STAR Premium" 2WD,8.7,3.498,5441700,160000
Nissan,ELGRAND "350 Highway STAR Premium" 4WD,8.4,3.498,5742000,160000
Nissan,ELGRAND "350 Highway STAR Urban CHROME" 2WD,8.7,3.498,5108400,160000
Nissan,ELGRAND "350 Highway STAR Urban CHROME" 4WD,8.4,3.498,5397700,160000
Nissan,ELGRAND "350 Highway STAR Premium Urban CHROME" 2WD,8.7,3.498,5678200,160000
Nissan,ELGRAND "350 Highway STAR Premium Urban CHROME" 4WD,8.4,3.498,5978500,160000
Nissan,SERENA "X" 2WD,13.0,1.997,2785200,120000
Nissan,SERENA "X" 4WD,11.6,1.997,2990900,120000
Nissan,SERENA "X XV package" 2WD,13.0,1.997,3043700,120000
Nissan,SERENA "X XV package" 4WD,11.6,1.997,3249400,120000
Nissan,SERENA "Highway STAR V" 2WD,13.0,1.997,3228500,120000
Nissan,SERENA "Highway STAR V" 4WD,11.6,1.997,3494700,120000
Nissan,SERENA "e:POWER X" 2WD,20.3,1.433,3293400,120000
Nissan,SERENA "e:POWER X XV package" 2WD,19.0,1.433,3583800,120000
Nissan,SERENA "e:POWER Highway STAR V" 2WD,19.0,1.433,3775200,120000
Nissan,SERENA "e:POWER LUXION" 2WD,18.1,1.433,4998400,120000
Nissan,SERENA "e:4ORCE X",16.8,1.433,3599200,120000
Nissan,SERENA "e:4ORCE X XV package",16.0,1.433,3889600,120000
Nissan,SERENA "e:4ORCE Highway STAR V",16.0,1.433,4141500,120000
Nissan,SKYLINE "400R",10.0,2.997,6495500,130000
Nissan,SKYLINE "GT Type SP",10.0,2.997,5723300,130000
Nissan,SKYLINE "GT Type P",10.0,2.997,5442800,130000
Mazda,Carol X,25.2,0,1280000,80000
Mazda,Carol G,25.2,0,1410000,80000
Mazda,Flair X,23,0,1180000,80000
Mazda,Flair G,23,0,1320000,80000
Mazda,Flair Wagon X,22.5,0,1320000,80000
Mazda,Flair Wagon G,22.5,0,1460000,80000
Mazda,Flair Crossover X,22,0,1380000,80000
Mazda,Flair Crossover G,22,0,1520000,80000
Mazda,Scrum Wagon X,18,0,1450000,80000
Mazda,Scrum Wagon G,18,0,1620000,80000
Mazda,Mazda2 15S,20.5,0,1950000,100000
Mazda,Mazda2 15XD,20.5,0,2150000,100000
Mazda,Mazda3 20S,18.2,0,2790000,110000
Mazda,Mazda3 20XD,18.2,0,3190000,110000
Mazda,Mazda3 25S,17.2,0,3290000,110000
Mazda,CX-3 20S,18.5,0,2490000,105000
Mazda,CX-3 20XD,18.5,0,2790000,105000
Mazda,CX-30 20S,17.2,0,2790000,110000
Mazda,CX-30 20XD,17.2,0,3190000,110000
Mazda,CX-30 25S,15.8,0,3580000,115000
Mazda,CX-5 20S i Selection,17,0,2810000,110000
Mazda,CX-5 20S Black Selection,17,0,3140000,110000
Mazda,CX-5 25S Sports Appearance,15.2,0,3580000,115000
Mazda,CX-5 XD i Selection,16,0,3130000,115000
Mazda,CX-5 XD Black Selection,16,0,3460000,115000
Mazda,CX-5 XD Sports Appearance,15.5,0,3850000,115000
Mazda,CX-60 XD,14.5,0,4990000,135000
Mazda,CX-60 XD Premium,14.5,0,5490000,135000
Mazda,CX-80 XD,13.5,0,5490000,140000
Mazda,CX-80 XD Premium,13.5,0,5990000,140000
Mazda,MX-30 Standard,0,0,3990000,80000
Mazda,MX-30 L Package,0,0,4490000,80000
Mazda,MX-30 ROTARY-EV,0,0,4990000,80000
Mazda,Roadster S,15.5,0,2990000,110000
Mazda,Roadster VS,15.5,0,3290000,110000
Mazda,Roadster RF S,15.2,0,3490000,110000
Mazda,Roadster RF VS,15.2,0,3790000,110000
Suzuki,Alto X,25.2,0,1140000,80000
Suzuki,Alto G,25.2,0,1280000,80000
Suzuki,Lapin X,24,0,1510000,80000
Suzuki,Lapin G,24,0,1640000,80000
Suzuki,Lapin LC X,23.5,0,1640000,80000
Suzuki,Lapin LC G,23.5,0,1780000,80000
Suzuki,Wagon R X,23.5,0,1430000,80000
Suzuki,Wagon R G,23.5,0,1560000,80000
Suzuki,Wagon R Smile X,23,0,1490000,80000
Suzuki,Wagon R Smile G,23,0,1640000,80000
Suzuki,Hustler X,22.2,0,1520000,80000
Suzuki,Hustler G,22.2,0,1640000,80000
Suzuki,Hustler Tough Wild X,21.5,0,1760000,80000
Suzuki,Hustler Tough Wild G,21.5,0,1880000,80000
Suzuki,Spacia HYBRID G,23.8,0,1530000,80000
Suzuki,Spacia HYBRID X,23.8,0,1710000,80000
Suzuki,Spacia 4WD HYBRID G,22.5,0,1660000,80000
Suzuki,Spacia 4WD HYBRID X,22.5,0,1820000,80000
Suzuki,Spacia Custom HYBRID GS,22.5,0,1800000,80000
Suzuki,Spacia Custom HYBRID XS,22.5,0,1980000,80000
Suzuki,Spacia Custom 4WD HYBRID GS,21.5,0,1930000,80000
Suzuki,Spacia Custom 4WD HYBRID XS,21.5,0,2110000,80000
Suzuki,Spacia Gear X,22,0,1950000,80000
Suzuki,Spacia Gear G,22,0,2120000,80000
Suzuki,Jimny X,19,0,1920000,85000
Suzuki,Jimny G,19,0,2080000,85000
Suzuki,Every Wagon X,21,0,1840000,80000
Suzuki,Every Wagon G,21,0,1980000,80000
Suzuki,Swift X,20.5,0,1730000,100000
Suzuki,Swift G,20.5,0,1930000,100000
Suzuki,Solio X,21,0,1930000,105000
Suzuki,Solio G,21,0,2130000,105000
Suzuki,Solio Bandit X,19.5,0,2300000,105000
Suzuki,Solio Bandit G,19.5,0,2500000,105000
Suzuki,Xbee X,21.5,0,2160000,105000
Suzuki,Xbee G,21.5,0,2360000,105000
Suzuki,Fronx X,19.5,0,2540000,110000
Suzuki,Fronx G,19.5,0,2840000,110000
Suzuki,Jimny Sierra X,16.5,0,2270000,100000
Suzuki,Jimny Sierra G,16.5,0,2570000,100000
Suzuki,Jimny Nomad X,15.5,0,2930000,105000
Suzuki,Jimny Nomad G,15.5,0,3230000,105000
Suzuki,Landy X,14.5,0,3230000,115000
Suzuki,Landy G,14.5,0,3630000,115000
Suzuki,e-Vitara X,0,0,3990000,80000
Suzuki,e-Vitara G,0,0,4490000,80000
Suzuki,Every X,21,0,1140000,80000
Suzuki,Every G,21,0,1280000,80000
Suzuki,Carry X,19,0,1170000,80000
Suzuki,Carry G,19,0,1320000,80000
Suzuki,Super Carry X,18.5,0,1290000,80000
Suzuki,Super Carry G,18.5,0,1450000,80000
Suzuki,Spacia Base X,21.5,0,1470000,80000
Suzuki,Spacia Base G,21.5,0,1620000,80000
Suzuki,e-Every,0,0,3150000,80000
Subaru,Pleo Plus X,22.5,0,1040000,80000
Subaru,Pleo Plus G,22.5,0,1180000,80000
Subaru,Stella X,20,0,1360000,80000
Subaru,Stella G,20,0,1520000,80000
Subaru,Chiffon X,21.5,0,1490000,80000
Subaru,Chiffon G,21.5,0,1690000,80000
Subaru,Chiffon Custom X,20.5,0,1890000,80000
Subaru,Chiffon Custom G,20.5,0,2090000,80000
Subaru,Chiffon Try X,20,0,1830000,80000
Subaru,Chiffon Try G,20,0,2030000,80000
Subaru,Dias X,18.5,0,1820000,80000
Subaru,Dias G,18.5,0,2020000,80000
Subaru,Sambar Van X,19,0,1100000,80000
Subaru,Sambar Van G,19,0,1250000,80000
Subaru,Sambar Truck X,19,0,1030000,80000
Subaru,Sambar Truck G,19,0,1180000,80000
Subaru,Rex L,22,0,1910000,100000
Subaru,Rex S,22,0,2110000,100000
Subaru,Impreza 2.0i,17.5,0,2740000,105000
Subaru,Impreza 2.0i-L,17.5,0,3040000,105000
Subaru,Impreza ST,16.5,0,3510000,110000
Subaru,Impreza ST-H,20,0,3720000,110000
Subaru,Levorg 1.8 GT-H,14.5,0,3630000,115000
Subaru,Levorg 2.4 GT-H,13.2,0,4230000,120000
Subaru,Levorg Layback 1.8,14.2,0,3990000,115000
Subaru,Levorg Layback 2.4,13,0,4590000,120000
Subaru,Crosstrek L,20,0,3010000,110000
Subaru,Crosstrek S,20,0,3410000,110000
Subaru,Forester X,15.8,0,2990000,115000
Subaru,Forester S,15.8,0,3490000,115000
Subaru,Forester tS,15.2,0,3990000,115000
Subaru,Solterra X,5.8,0,5170000,95000
Subaru,Solterra G,5.8,0,5770000,95000
Subaru,WRX S4 GT,10.5,0,4480000,130000
Subaru,WRX S4 STI Sport,10.2,0,5030000,130000
Subaru,BRZ R,12.5,0,3320000,120000
Subaru,BRZ S,12.5,0,3720000,120000
Subaru,BRZ STI Sport,12.2,0,3780000,120000
Subaru,Justy X,20.5,0,2170000,95000
Subaru,Justy G,20.5,0,2370000,95000
Mitsubishi,eK Wagon X,22.5,0,1470000,80000
Mitsubishi,eK Wagon G,22.5,0,1620000,80000
Mitsubishi,eK Space X,20.5,0,1750000,80000
Mitsubishi,eK Space G,20.5,0,1900000,80000
Mitsubishi,eK Cross X,20,0,1740000,80000
Mitsubishi,eK Cross G,20,0,1890000,80000
Mitsubishi,eK Cross EV X,0,0,2570000,80000
Mitsubishi,eK Cross EV G,0,0,2770000,80000
Mitsubishi,Delica Mini X,19,0,1960000,80000
Mitsubishi,Delica Mini G,19,0,2120000,80000
Mitsubishi,Town Box X,15,0,1920000,80000
Mitsubishi,Town Box G,15,0,2080000,80000
Mitsubishi,Delica D:2 X,20,0,2100000,105000
Mitsubishi,Delica D:2 G,20,0,2350000,105000
Mitsubishi,Delica D:2 Custom X,19.5,0,2350000,105000
Mitsubishi,Delica D:2 Custom G,19.5,0,2600000,105000
Mitsubishi,Eclipse Cross X,14,0,2770000,110000
Mitsubishi,Eclipse Cross G,14,0,3070000,110000
Mitsubishi,Eclipse Cross PHEV X,16.5,0,4090000,110000
Mitsubishi,Eclipse Cross PHEV G,16.5,0,4490000,110000
Mitsubishi,Outlander PHEV X,18,0,5290000,120000
Mitsubishi,Outlander PHEV G,18,0,5790000,120000
Mitsubishi,Delica D:5 X,12,0,4510000,130000
Mitsubishi,Delica D:5 G,12,0,5010000,130000
Mitsubishi,Delica D:5 Urban Gear,12,0,4450000,130000
Mitsubishi,Triton X,10.5,0,5520000,150000
Mitsubishi,Triton G,10.5,0,6020000,150000